seed,window_label,mode,threshold,trades,wins,win_rate,total_pnl,profit_factor,max_drawdown_pct,expectancy,trending_trades,ranging_trades,correlation_id
1,full,STRICT,0.55,0,0,0,0,0,0,0,0,0,phase14-final-cal-sweep-s1-t0.55
1,full,STRICT,0.60,0,0,0,0,0,0,0,0,0,phase14-final-cal-sweep-s1-t0.60
1,full,STRICT,0.65,0,0,0,0,0,0,0,0,0,phase14-final-cal-sweep-s1-t0.65
1,full,STRICT,0.70,0,0,0,0,0,0,0,0,0,phase14-final-cal-sweep-s1-t0.70
1,full,STRICT,0.75,0,0,0,0,0,0,0,0,0,phase14-final-cal-sweep-s1-t0.75
2,full,STRICT,0.55,1,0,0.00,-340.80,0.00,0.34,-340.80,1,0,phase14-final-cal-sweep-s2-t0.55
2,full,STRICT,0.60,1,0,0.00,-337.58,0.00,0.34,-337.58,1,0,phase14-final-cal-sweep-s2-t0.60
2,full,STRICT,0.65,1,0,0.00,-334.37,0.00,0.33,-334.37,1,0,phase14-final-cal-sweep-s2-t0.65
2,full,STRICT,0.70,1,0,0.00,-331.15,0.00,0.33,-331.15,1,0,phase14-final-cal-sweep-s2-t0.70
2,full,STRICT,0.75,1,0,0.00,-327.94,0.00,0.33,-327.94,1,0,phase14-final-cal-sweep-s2-t0.75
3,full,STRICT,0.55,0,0,0,0,0,0,0,0,0,phase14-final-cal-sweep-s3-t0.55
3,full,STRICT,0.60,0,0,0,0,0,0,0,0,0,phase14-final-cal-sweep-s3-t0.60
3,full,STRICT,0.65,0,0,0,0,0,0,0,0,0,phase14-final-cal-sweep-s3-t0.65
3,full,STRICT,0.70,0,0,0,0,0,0,0,0,0,phase14-final-cal-sweep-s3-t0.70
3,full,STRICT,0.75,0,0,0,0,0,0,0,0,0,phase14-final-cal-sweep-s3-t0.75
4,full,STRICT,0.55,0,0,0,0,0,0,0,0,0,phase14-final-cal-sweep-s4-t0.55
4,full,STRICT,0.60,0,0,0,0,0,0,0,0,0,phase14-final-cal-sweep-s4-t0.60
4,full,STRICT,0.65,0,0,0,0,0,0,0,0,0,phase14-final-cal-sweep-s4-t0.65
4,full,STRICT,0.70,0,0,0,0,0,0,0,0,0,phase14-final-cal-sweep-s4-t0.70
4,full,STRICT,0.75,0,0,0,0,0,0,0,0,0,phase14-final-cal-sweep-s4-t0.75
5,full,STRICT,0.55,1,0,0.00,-707.91,0.00,0.71,-707.91,1,0,phase14-final-cal-sweep-s5-t0.55
5,full,STRICT,0.60,1,0,0.00,-689.91,0.00,0.69,-689.91,1,0,phase14-final-cal-sweep-s5-t0.60
5,full,STRICT,0.65,1,0,0.00,-677.91,0.00,0.68,-677.91,1,0,phase14-final-cal-sweep-s5-t0.65
5,full,STRICT,0.70,1,0,0.00,-659.91,0.00,0.66,-659.91,1,0,phase14-final-cal-sweep-s5-t0.70
5,full,STRICT,0.75,1,0,0.00,-647.92,0.00,0.65,-647.92,1,0,phase14-final-cal-sweep-s5-t0.75
6,full,STRICT,0.55,2,1,50.00,-258.49,0.63,0.70,-129.24,2,0,phase14-final-cal-sweep-s6-t0.55
6,full,STRICT,0.60,2,1,50.00,-264.21,0.63,0.70,-132.10,2,0,phase14-final-cal-sweep-s6-t0.60
6,full,STRICT,0.65,2,1,50.00,-260.90,0.62,0.70,-130.45,2,0,phase14-final-cal-sweep-s6-t0.65
6,full,STRICT,0.70,2,1,50.00,-257.58,0.62,0.69,-128.79,2,0,phase14-final-cal-sweep-s6-t0.70
6,full,STRICT,0.75,2,1,50.00,-248.55,0.63,0.68,-124.28,2,0,phase14-final-cal-sweep-s6-t0.75
7,full,STRICT,0.55,1,0,0.00,-135.21,0.00,0.14,-135.21,1,0,phase14-final-cal-sweep-s7-t0.55
7,full,STRICT,0.60,1,0,0.00,-135.21,0.00,0.14,-135.21,1,0,phase14-final-cal-sweep-s7-t0.60
7,full,STRICT,0.65,1,0,0.00,-133.68,0.00,0.13,-133.68,1,0,phase14-final-cal-sweep-s7-t0.65
7,full,STRICT,0.70,1,0,0.00,-133.68,0.00,0.13,-133.68,1,0,phase14-final-cal-sweep-s7-t0.70
7,full,STRICT,0.75,1,0,0.00,-132.14,0.00,0.13,-132.14,1,0,phase14-final-cal-sweep-s7-t0.75
8,full,STRICT,0.55,1,0,0.00,-570.43,0.00,0.57,-570.43,1,0,phase14-final-cal-sweep-s8-t0.55
8,full,STRICT,0.60,1,0,0.00,-555.29,0.00,0.56,-555.29,1,0,phase14-final-cal-sweep-s8-t0.60
8,full,STRICT,0.65,1,0,0.00,-545.19,0.00,0.55,-545.19,1,0,phase14-final-cal-sweep-s8-t0.65
8,full,STRICT,0.70,1,0,0.00,-535.10,0.00,0.54,-535.10,1,0,phase14-final-cal-sweep-s8-t0.70
8,full,STRICT,0.75,1,0,0.00,-519.95,0.00,0.52,-519.95,1,0,phase14-final-cal-sweep-s8-t0.75
9,full,STRICT,0.55,0,0,0,0,0,0,0,0,0,phase14-final-cal-sweep-s9-t0.55
9,full,STRICT,0.60,0,0,0,0,0,0,0,0,0,phase14-final-cal-sweep-s9-t0.60
9,full,STRICT,0.65,0,0,0,0,0,0,0,0,0,phase14-final-cal-sweep-s9-t0.65
9,full,STRICT,0.70,0,0,0,0,0,0,0,0,0,phase14-final-cal-sweep-s9-t0.70
9,full,STRICT,0.75,0,0,0,0,0,0,0,0,0,phase14-final-cal-sweep-s9-t0.75
10,full,STRICT,0.55,0,0,0,0,0,0,0,0,0,phase14-final-cal-sweep-s10-t0.55
10,full,STRICT,0.60,0,0,0,0,0,0,0,0,0,phase14-final-cal-sweep-s10-t0.60
10,full,STRICT,0.65,0,0,0,0,0,0,0,0,0,phase14-final-cal-sweep-s10-t0.65
10,full,STRICT,0.70,0,0,0,0,0,0,0,0,0,phase14-final-cal-sweep-s10-t0.70
10,full,STRICT,0.75,0,0,0,0,0,0,0,0,0,phase14-final-cal-sweep-s10-t0.75
51,full,STRICT,0.55,3,1,33.33,-312.85,0.23,0.40,-104.28,3,0,phase14-final-sel-sweep-s51-t0.55
51,full,STRICT,0.60,3,1,33.33,-308.94,0.23,0.40,-102.98,3,0,phase14-final-sel-sweep-s51-t0.60
51,full,STRICT,0.65,3,1,33.33,-300.05,0.23,0.39,-100.02,3,0,phase14-final-sel-sweep-s51-t0.65
51,full,STRICT,0.70,3,1,33.33,-296.13,0.23,0.38,-98.71,3,0,phase14-final-sel-sweep-s51-t0.70
51,full,STRICT,0.75,3,1,33.33,-292.24,0.23,0.38,-97.41,3,0,phase14-final-sel-sweep-s51-t0.75
52,full,STRICT,0.55,2,1,50.00,-67.52,0.53,0.14,-33.76,2,0,phase14-final-sel-sweep-s52-t0.55
52,full,STRICT,0.60,2,1,50.00,-67.52,0.53,0.14,-33.76,2,0,phase14-final-sel-sweep-s52-t0.60
52,full,STRICT,0.65,2,1,50.00,-66.55,0.53,0.14,-33.28,2,0,phase14-final-sel-sweep-s52-t0.65
52,full,STRICT,0.70,2,1,50.00,-66.55,0.53,0.14,-33.28,2,0,phase14-final-sel-sweep-s52-t0.70
52,full,STRICT,0.75,2,1,50.00,-66.55,0.53,0.14,-33.28,2,0,phase14-final-sel-sweep-s52-t0.75
53,full,STRICT,0.55,2,0,0.00,-209.81,0.00,0.21,-104.90,2,0,phase14-final-sel-sweep-s53-t0.55
53,full,STRICT,0.60,2,0,0.00,-207.21,0.00,0.21,-103.60,2,0,phase14-final-sel-sweep-s53-t0.60
53,full,STRICT,0.65,2,0,0.00,-205.17,0.00,0.21,-102.58,2,0,phase14-final-sel-sweep-s53-t0.65
53,full,STRICT,0.70,2,0,0.00,-202.57,0.00,0.20,-101.28,2,0,phase14-final-sel-sweep-s53-t0.70
53,full,STRICT,0.75,2,0,0.00,-202.00,0.00,0.20,-101.00,2,0,phase14-final-sel-sweep-s53-t0.75
54,full,STRICT,0.55,2,1,50.00,167.67,1.28,0.59,83.84,2,0,phase14-final-sel-sweep-s54-t0.55
54,full,STRICT,0.60,2,1,50.00,181.59,1.30,0.59,90.80,2,0,phase14-final-sel-sweep-s54-t0.60
54,full,STRICT,0.65,2,1,50.00,171.62,1.28,0.60,85.81,2,0,phase14-final-sel-sweep-s54-t0.65
54,full,STRICT,0.70,2,1,50.00,171.62,1.28,0.60,85.81,2,0,phase14-final-sel-sweep-s54-t0.70
54,full,STRICT,0.75,2,1,50.00,185.54,1.31,0.60,92.77,2,0,phase14-final-sel-sweep-s54-t0.75
55,full,STRICT,0.55,1,0,0.00,-146.26,0.00,0.15,-146.26,1,0,phase14-final-sel-sweep-s55-t0.55
55,full,STRICT,0.60,1,0,0.00,-143.82,0.00,0.14,-143.82,1,0,phase14-final-sel-sweep-s55-t0.60
55,full,STRICT,0.65,1,0,0.00,-143.82,0.00,0.14,-143.82,1,0,phase14-final-sel-sweep-s55-t0.65
55,full,STRICT,0.70,1,0,0.00,-141.38,0.00,0.14,-141.38,1,0,phase14-final-sel-sweep-s55-t0.70
55,full,STRICT,0.75,1,0,0.00,-141.38,0.00,0.14,-141.38,1,0,phase14-final-sel-sweep-s55-t0.75
56,full,STRICT,0.55,1,0,0.00,-70.81,0.00,0.07,-70.81,1,0,phase14-final-sel-sweep-s56-t0.55
56,full,STRICT,0.60,1,0,0.00,-70.81,0.00,0.07,-70.81,1,0,phase14-final-sel-sweep-s56-t0.60
56,full,STRICT,0.65,1,0,0.00,-69.37,0.00,0.07,-69.37,1,0,phase14-final-sel-sweep-s56-t0.65
56,full,STRICT,0.70,1,0,0.00,-69.37,0.00,0.07,-69.37,1,0,phase14-final-sel-sweep-s56-t0.70
56,full,STRICT,0.75,1,0,0.00,-69.37,0.00,0.07,-69.37,1,0,phase14-final-sel-sweep-s56-t0.75
57,full,STRICT,0.55,2,1,50.00,424.15,3.57,0.17,212.08,2,0,phase14-final-sel-sweep-s57-t0.55
57,full,STRICT,0.60,2,1,50.00,431.13,3.56,0.17,215.56,2,0,phase14-final-sel-sweep-s57-t0.60
57,full,STRICT,0.65,2,1,50.00,438.11,3.55,0.17,219.06,2,0,phase14-final-sel-sweep-s57-t0.65
57,full,STRICT,0.70,2,1,50.00,445.10,3.55,0.17,222.55,2,0,phase14-final-sel-sweep-s57-t0.70
57,full,STRICT,0.75,2,1,50.00,452.08,3.54,0.18,226.04,2,0,phase14-final-sel-sweep-s57-t0.75
58,full,STRICT,0.55,0,0,0,0,0,0,0,0,0,phase14-final-sel-sweep-s58-t0.55
58,full,STRICT,0.60,0,0,0,0,0,0,0,0,0,phase14-final-sel-sweep-s58-t0.60
58,full,STRICT,0.65,0,0,0,0,0,0,0,0,0,phase14-final-sel-sweep-s58-t0.65
58,full,STRICT,0.70,0,0,0,0,0,0,0,0,0,phase14-final-sel-sweep-s58-t0.70
58,full,STRICT,0.75,0,0,0,0,0,0,0,0,0,phase14-final-sel-sweep-s58-t0.75
59,full,STRICT,0.55,0,0,0,0,0,0,0,0,0,phase14-final-sel-sweep-s59-t0.55
59,full,STRICT,0.60,0,0,0,0,0,0,0,0,0,phase14-final-sel-sweep-s59-t0.60
59,full,STRICT,0.65,0,0,0,0,0,0,0,0,0,phase14-final-sel-sweep-s59-t0.65
59,full,STRICT,0.70,0,0,0,0,0,0,0,0,0,phase14-final-sel-sweep-s59-t0.70
59,full,STRICT,0.75,0,0,0,0,0,0,0,0,0,phase14-final-sel-sweep-s59-t0.75
60,full,STRICT,0.55,1,0,0.00,-226.37,0.00,0.23,-226.37,1,0,phase14-final-sel-sweep-s60-t0.55
60,full,STRICT,0.60,1,0,0.00,-223.54,0.00,0.22,-223.54,1,0,phase14-final-sel-sweep-s60-t0.60
60,full,STRICT,0.65,1,0,0.00,-220.71,0.00,0.22,-220.71,1,0,phase14-final-sel-sweep-s60-t0.65
60,full,STRICT,0.70,1,0,0.00,-220.71,0.00,0.22,-220.71,1,0,phase14-final-sel-sweep-s60-t0.70
60,full,STRICT,0.75,1,0,0.00,-217.88,0.00,0.22,-217.88,1,0,phase14-final-sel-sweep-s60-t0.75
101,full,STRICT,0.55,0,0,0,0,0,0,0,0,0,phase14-final-hld-sweep-s101-t0.55
101,full,STRICT,0.60,0,0,0,0,0,0,0,0,0,phase14-final-hld-sweep-s101-t0.60
101,full,STRICT,0.65,0,0,0,0,0,0,0,0,0,phase14-final-hld-sweep-s101-t0.65
101,full,STRICT,0.70,0,0,0,0,0,0,0,0,0,phase14-final-hld-sweep-s101-t0.70
101,full,STRICT,0.75,0,0,0,0,0,0,0,0,0,phase14-final-hld-sweep-s101-t0.75
102,full,STRICT,0.55,0,0,0,0,0,0,0,0,0,phase14-final-hld-sweep-s102-t0.55
102,full,STRICT,0.60,0,0,0,0,0,0,0,0,0,phase14-final-hld-sweep-s102-t0.60
102,full,STRICT,0.65,0,0,0,0,0,0,0,0,0,phase14-final-hld-sweep-s102-t0.65
102,full,STRICT,0.70,0,0,0,0,0,0,0,0,0,phase14-final-hld-sweep-s102-t0.70
102,full,STRICT,0.75,0,0,0,0,0,0,0,0,0,phase14-final-hld-sweep-s102-t0.75
103,full,STRICT,0.55,1,1,100.00,113.25,999.99,0.00,113.25,1,0,phase14-final-hld-sweep-s103-t0.55
103,full,STRICT,0.60,1,1,100.00,113.25,999.99,0.00,113.25,1,0,phase14-final-hld-sweep-s103-t0.60
103,full,STRICT,0.65,1,1,100.00,115.17,999.99,0.00,115.17,1,0,phase14-final-hld-sweep-s103-t0.65
103,full,STRICT,0.70,1,1,100.00,115.17,999.99,0.00,115.17,1,0,phase14-final-hld-sweep-s103-t0.70
103,full,STRICT,0.75,1,1,100.00,115.17,999.99,0.00,115.17,1,0,phase14-final-hld-sweep-s103-t0.75
104,full,STRICT,0.55,2,2,100.00,1245.81,999.99,0.00,622.90,2,0,phase14-final-hld-sweep-s104-t0.55
104,full,STRICT,0.60,2,2,100.00,1304.21,999.99,0.00,652.10,2,0,phase14-final-hld-sweep-s104-t0.60
104,full,STRICT,0.65,2,2,100.00,1382.07,999.99,0.00,691.04,2,0,phase14-final-hld-sweep-s104-t0.65
104,full,STRICT,0.70,2,2,100.00,1459.94,999.99,0.00,729.97,2,0,phase14-final-hld-sweep-s104-t0.70
104,full,STRICT,0.75,2,2,100.00,1537.79,999.99,0.00,768.90,2,0,phase14-final-hld-sweep-s104-t0.75
105,full,STRICT,0.55,0,0,0,0,0,0,0,0,0,phase14-final-hld-sweep-s105-t0.55
105,full,STRICT,0.60,0,0,0,0,0,0,0,0,0,phase14-final-hld-sweep-s105-t0.60
105,full,STRICT,0.65,0,0,0,0,0,0,0,0,0,phase14-final-hld-sweep-s105-t0.65
105,full,STRICT,0.70,0,0,0,0,0,0,0,0,0,phase14-final-hld-sweep-s105-t0.70
105,full,STRICT,0.75,0,0,0,0,0,0,0,0,0,phase14-final-hld-sweep-s105-t0.75
106,full,STRICT,0.55,0,0,0,0,0,0,0,0,0,phase14-final-hld-sweep-s106-t0.55
106,full,STRICT,0.60,0,0,0,0,0,0,0,0,0,phase14-final-hld-sweep-s106-t0.60
106,full,STRICT,0.65,0,0,0,0,0,0,0,0,0,phase14-final-hld-sweep-s106-t0.65
106,full,STRICT,0.70,0,0,0,0,0,0,0,0,0,phase14-final-hld-sweep-s106-t0.70
106,full,STRICT,0.75,0,0,0,0,0,0,0,0,0,phase14-final-hld-sweep-s106-t0.75
107,full,STRICT,0.55,0,0,0,0,0,0,0,0,0,phase14-final-hld-sweep-s107-t0.55
107,full,STRICT,0.60,0,0,0,0,0,0,0,0,0,phase14-final-hld-sweep-s107-t0.60
107,full,STRICT,0.65,0,0,0,0,0,0,0,0,0,phase14-final-hld-sweep-s107-t0.65
107,full,STRICT,0.70,0,0,0,0,0,0,0,0,0,phase14-final-hld-sweep-s107-t0.70
107,full,STRICT,0.75,0,0,0,0,0,0,0,0,0,phase14-final-hld-sweep-s107-t0.75
108,full,STRICT,0.55,1,0,0.00,-161.86,0.00,0.16,-161.86,1,0,phase14-final-hld-sweep-s108-t0.55
108,full,STRICT,0.60,1,0,0.00,-160.02,0.00,0.16,-160.02,1,0,phase14-final-hld-sweep-s108-t0.60
108,full,STRICT,0.65,1,0,0.00,-160.02,0.00,0.16,-160.02,1,0,phase14-final-hld-sweep-s108-t0.65
108,full,STRICT,0.70,1,0,0.00,-158.18,0.00,0.16,-158.18,1,0,phase14-final-hld-sweep-s108-t0.70
108,full,STRICT,0.75,1,0,0.00,-158.18,0.00,0.16,-158.18,1,0,phase14-final-hld-sweep-s108-t0.75
109,full,STRICT,0.55,1,0,0.00,-469.11,0.00,0.47,-469.11,1,0,phase14-final-hld-sweep-s109-t0.55
109,full,STRICT,0.60,1,0,0.00,-463.02,0.00,0.46,-463.02,1,0,phase14-final-hld-sweep-s109-t0.60
109,full,STRICT,0.65,1,0,0.00,-456.92,0.00,0.46,-456.92,1,0,phase14-final-hld-sweep-s109-t0.65
109,full,STRICT,0.70,1,0,0.00,-444.74,0.00,0.44,-444.74,1,0,phase14-final-hld-sweep-s109-t0.70
109,full,STRICT,0.75,1,0,0.00,-438.65,0.00,0.44,-438.65,1,0,phase14-final-hld-sweep-s109-t0.75
110,full,STRICT,0.55,0,0,0,0,0,0,0,0,0,phase14-final-hld-sweep-s110-t0.55
110,full,STRICT,0.60,0,0,0,0,0,0,0,0,0,phase14-final-hld-sweep-s110-t0.60
110,full,STRICT,0.65,0,0,0,0,0,0,0,0,0,phase14-final-hld-sweep-s110-t0.65
110,full,STRICT,0.70,0,0,0,0,0,0,0,0,0,phase14-final-hld-sweep-s110-t0.70
110,full,STRICT,0.75,0,0,0,0,0,0,0,0,0,phase14-final-hld-sweep-s110-t0.75
